1,Lou,Gonzalez,10000.000000,ba2491a,2,1
2,Ulrike,Munioz,25000.000000,ib0800a,2,1
3,Brade,Rojas,20000.000000,mm0987b,2,3
4,Kimbell,Diaz,50000.000000,ba2491a,2,1
5,Sheelagh,Perez,18000.000000,ib0800a,2,1
6,Gayle,Soto,30000.000000,mm0987b,2,3
7,Kimberlee,Contreras,33000.000000,ba2491a,2,1
8,Henrieta,Silva,30000.000000,ib0800a,2,1
9,Jeanine,Martinez,18000.000000,mm0987b,2,3
10,Aggie,Sepulveda,15000.000000,ba2491a,2,1
11,Brandea,Morales,15000.000000,ib0800a,2,1
12,Cordelie,Rodriguez,50000.000000,ib0800a,2,1
13,Shel,Lopez,50000.000000,mm0987b,2,3
14,Bronnie,Fuentes,20000.000000,mm0987b,2,3
15,Megen,Hernandez,10000.000000,ba2491a,2,1
16,Iver,Torres,12000.000000,ba2491a,2,1
17,Ernesta,Araya,37000.000000,ba2491a,2,1
18,Cirillo,Flores,50000.000000,mm0987b,2,3
19,Park,Espinoza,30000.000000,mm0987b,2,3
20,Bellanca,Valenzuela,15000.000000,ba2491a,2,1
21,Bobbye,Castillo,15000.000000,ba2491a,2,1
22,Eugene,Tapia,50000.000000,ba2491a,2,1
23,Johnny,Reyes,33000.000000,mm0987b,2,3
24,Reagen,Gutierrez,42000.000000,mm0987b,2,3
25,Braden,Castro,25000.000000,mm0987b,2,3
26,Karim,Pizarro,25000.000000,mm0987b,2,3
27,Anthea,Alvarez,42000.000000,mm0987b,2,3
28,Doro,Vasquez,33000.000000,ib0800a,2,1
29,Gaye,Sanchez,37000.000000,ib0800a,2,1
30,Toby,Fernandez,15000.000000,ib0800a,2,1
31,Franny,Ramirez,15000.000000,ib0800a,2,1
32,Katey,Carrasco,42000.000000,mm0987b,2,3
33,Earle,Gomez,10000.000000,ba2491a,2,1
34,Redd,Cortes,42000.000000,ba2491a,2,1
35,Jehanna,Herrera,50000.000000,ba2491a,2,1
36,Cristie,Nuniez,10000.000000,ba2491a,2,1
37,Stefa,Jara,42000.000000,ba2491a,2,1
38,Roda,Vergara,25000.000000,mm0987b,2,3
39,Alfredo,Rivera,10000.000000,mm0987b,2,3
40,Sydney,Figueroa,10000.000000,mm0987b,2,3
41,Brnaba,Riquelme,30000.000000,mm0987b,2,3
42,Ame,Garcia,50000.000000,ba2491a,1,1
43,Bradney,Miranda,25000.000000,ba2491a,1,1
44,Margarete,Bravo,50000.000000,ba2491a,1,1
45,Nikoletta,Vera,50000.000000,mm0987b,2,3
46,Lonnard,Molina,50000.000000,ib0800a,2,1
47,Raine,Vega,30000.000000,ib0800a,2,1
48,Noella,Campos,15000.000000,ib0800a,2,1
49,Dagmar,Sandoval,25000.000000,ib0800a,2,1
50,Carroll,Orellana,42000.000000,ib0800a,2,1
51,Marion,Cardenas,50000.000000,ib0800a,2,1
52,Carline,Olivares,12000.000000,ib0800a,2,1
53,Hyacinthie,Alarcon,15000.000000,mm0987b,2,3
54,Julina,Gallardo,33000.000000,mm0987b,2,3
55,Corina,Ortiz,37000.000000,mm0987b,2,3
56,Bernardine,Garrido,33000.000000,mm0987b,2,3
57,Homer,Salazar,18000.000000,mm0987b,2,3
58,Lianna,Guzman,12000.000000,mm0987b,2,3
59,Celene,Henriquez,50000.000000,mm0987b,2,3
60,Kori,Saavedra,50000.000000,mm0987b,2,3
61,Deeyn,Navarro,20000.000000,mm0987b,2,3
62,Marysa,Aguilera,20000.000000,mm0987b,2,3
63,Loy,Parra,15000.000000,mm0987b,2,3
64,Gabbey,Romero,37000.000000,mm0987b,2,3
65,Star,Aravena,33000.000000,mm0987b,2,3
66,Dominica,Vargas,33000.000000,ib0800a,2,1
67,Blanch,Vazquez,15000.000000,ib0800a,2,1
68,Cristobal,Caceres,15000.000000,ib0800a,2,1
69,Paulita,Yaniez,50000.000000,ib0800a,2,1
70,Sayre,Leiva,33000.000000,ib0800a,2,1
71,Shaughn,Escobar,15000.000000,ib0800a,2,1
72,Katrine,Ruiz,25000.000000,ib0800a,2,1
73,Cristi,Valdes,42000.000000,ib0800a,2,1
74,Cristie,Vidal,25000.000000,ib0800a,1,1
75,Solomon,Salinas,10000.000000,ib0800a,1,1
76,Nananne,Zuniiga,33000.000000,ib0800a,1,1
77,Sacha,Penia,25000.000000,ib0800a,1,1
78,Morse,Godoy,25000.000000,ib0800a,1,1
79,Roland,Lagos,25000.000000,ib0800a,1,1
80,Jesselyn,Maldonado,30000.000000,ib0800a,1,1
81,Kylila,Bustos,12000.000000,ib0800a,1,1
82,Kendre,Medina,25000.000000,ib0800a,1,1
83,Lesya,Pino,15000.000000,ib0800a,1,1
84,Tatiania,Palma,20000.000000,ib0800a,1,1
85,Trenton,Moreno,12000.000000,ib0800a,1,1
86,Angie,Sanhueza,20000.000000,mm0987b,2,3
87,Joelle,Carvajal,37000.000000,mm0987b,2,3
88,George,Navarrete,30000.000000,mm0987b,1,3
89,Guenevere,Saez,30000.000000,mm0987b,1,3
90,Margaretha,Alvarado,10000.000000,mm0987b,1,3
91,Sully,Donoso,15000.000000,mm0987b,1,3
92,Lonni,Poblete,50000.000000,mm0987b,1,3
93,Nicky,Bustamante,42000.000000,mm0987b,1,3
94,My,Toro,18000.000000,mm0987b,1,3
95,Kyrstin,Ortega,37000.000000,ib0800a,1,1
96,Martino,Venegas,15000.000000,ib0800a,1,1
97,Marcellus,Guerrero,50000.000000,ib0800a,1,1
98,Jacquelin,Mendoza,30000.000000,ib0800a,1,1
99,Aleda,Farias,50000.000000,ib0800a,1,1
100,Georgeta,San martin,10000.000000,ib0800a,1,1
101,Marcille,Gonzalez,10000.000000,ib0800a,1,1
102,Ertha,Fernandez,10000.000000,ib0800a,1,1
103,Desiri,Rodriguez,25000.000000,mm0987b,1,3
104,Geneva,Lopez,33000.000000,mm0987b,1,3
105,Kilian,Martinez,42000.000000,mm0987b,1,3
106,Nance,Sanchez,10000.000000,mm0987b,1,3
107,Gaven,Perez,10000.000000,mm0987b,1,3
108,Carlie,Gomez,10000.000000,mm0987b,1,3
109,Trixie,Martin,42000.000000,ib0800a,1,1
110,Dominick,Jimenez,30000.000000,ib0800a,1,1
111,Petey,Ruiz,15000.000000,ib0800a,1,1
112,Tersina,Hernandez,30000.000000,ib0800a,1,1
113,Johnathon,Diaz,15000.000000,ib0800a,1,1
114,Freddie,Moreno,12000.000000,ib0800a,1,1
115,Harmon,Alvarez,50000.000000,ib0800a,1,1
116,Tracey,Munioz,20000.000000,ib0800a,1,1
117,Cherrita,Romero,33000.000000,mm0987b,1,3
118,Stu,Alonso,12000.000000,mm0987b,1,3
119,Glenda,Gutierrez,37000.000000,mm0987b,1,3
120,Lorettalorna,Navarro,25000.000000,mm0987b,1,3
121,Patrizio,Torres,15000.000000,ib0800a,1,1
122,Linda,Dominguez,30000.000000,ib0800a,1,1
123,Pippa,Vazquez,20000.000000,ib0800a,1,1
124,Pen,Ramos,18000.000000,ib0800a,3,1
125,Esteban,Gonzalez,15000.000000,ib0800a,3,1
126,Fonzie,Munioz,15000.000000,ib0800a,3,1
127,Cindelyn,Rojas,12000.000000,ib0800a,3,1
128,Zacharie,Diaz,30000.000000,ba2491a,1,1
129,Vina,Perez,42000.000000,ba2491a,1,1
130,Omero,Soto,10000.000000,ba2491a,1,1
131,Tom,Contreras,33000.000000,ba2491a,1,1
132,Dante,Silva,30000.000000,ba2491a,1,1
133,Cordy,Martinez,18000.000000,ba2491a,1,1
134,Stephenie,Sepulveda,50000.000000,ba2491a,1,1
135,Dunstan,Morales,20000.000000,ba2491a,1,1
136,Gideon,Rodriguez,15000.000000,ba2491a,1,1
137,Johnette,Lopez,10000.000000,ba2491a,1,1
138,Brynn,Fuentes,50000.000000,ba2491a,1,1
139,Yankee,Hernandez,42000.000000,ba2491a,1,1
140,Corbin,Torres,42000.000000,ba2491a,1,1
141,Coreen,Araya,18000.000000,ib0800a,3,1
142,Tanya,Flores,30000.000000,ib0800a,3,1
143,Jenna,Espinoza,25000.000000,ib0800a,3,1
144,Flora,Valenzuela,33000.000000,ib0800a,3,1
145,Dianna,Castillo,20000.000000,ib0800a,3,1
146,Armand,Tapia,15000.000000,ib0800a,3,1
147,Gustie,Reyes,42000.000000,ib0800a,3,1
148,Benton,Gutierrez,12000.000000,ib0800a,3,1
149,Lena,Castro,25000.000000,ib0800a,3,1
150,Dot,Pizarro,18000.000000,ib0800a,3,1
151,Meryl,Alvarez,12000.000000,ib0800a,3,1
152,Babbie,Vasquez,15000.000000,ib0800a,3,1
153,Byram,Sanchez,42000.000000,ib0800a,3,1
154,Bertine,Fernandez,25000.000000,ib0800a,3,1
155,Osbert,Ramirez,42000.000000,ib0800a,3,1
156,Tanny,Carrasco,42000.000000,ib0800a,3,1
157,Maryjo,Gomez,12000.000000,ib0800a,3,1
158,Clarie,Cortes,42000.000000,ib0800a,3,1
159,Kipp,Herrera,15000.000000,ib0800a,3,1
160,Leonie,Nuniez,50000.000000,ib0800a,3,1
161,Ferdie,Jara,15000.000000,ib0800a,3,1
162,Ofella,Vergara,50000.000000,ib0800a,3,1
163,Pascale,Rivera,15000.000000,ib0800a,3,1
164,Cathrin,Figueroa,30000.000000,ib0800a,3,1
165,Sib,Riquelme,33000.000000,ib0800a,3,1
166,Darleen,Garcia,42000.000000,ib0800a,3,1
167,Didi,Miranda,15000.000000,ib0800a,3,1
168,Lodovico,Bravo,18000.000000,ib0800a,3,1
169,Farley,Vera,12000.000000,ib0800a,3,1
170,Devi,Molina,25000.000000,ib0800a,3,1
171,Clair,Vega,37000.000000,ib0800a,3,1
172,Addy,Campos,33000.000000,ib0800a,3,1
173,Brandon,Sandoval,18000.000000,ib0800a,3,1
174,Prentiss,Orellana,30000.000000,ib0800a,3,1
175,Lorant,Cardenas,50000.000000,mm0987b,1,3
176,Wanids,Olivares,30000.000000,mm0987b,1,3
177,Robbi,Alarcon,10000.000000,mm0987b,1,3
178,Mellicent,Gallardo,50000.000000,mm0987b,1,3
179,Lynea,Ortiz,20000.000000,mm0987b,1,3
180,Nial,Garrido,15000.000000,mm0987b,1,3
181,Guillaume,Salazar,37000.000000,mm0987b,1,3
182,Loutitia,Guzman,25000.000000,mm0987b,1,3
183,Ruthe,Henriquez,30000.000000,mm0987b,1,3
184,Eric,Saavedra,50000.000000,mm0987b,1,3
185,Marcellus,Navarro,30000.000000,mm0987b,1,3
186,Ian,Aguilera,42000.000000,mm0987b,1,3
187,Sebastien,Parra,37000.000000,mm0987b,1,3
188,Scarface,Romero,50000.000000,mm0987b,1,3
189,Maible,Aravena,18000.000000,mm0987b,1,3
190,Waldon,Vargas,30000.000000,mm0987b,1,3
191,Bethina,Vazquez,15000.000000,mm0987b,1,3
192,Farand,Caceres,42000.000000,mm0987b,1,3
193,Zolly,Yaniez,25000.000000,mm0987b,1,3
194,Philipa,Leiva,42000.000000,tu6789b,2,1
195,Roderigo,Escobar,20000.000000,ba2491a,1,1
196,Otho,Ruiz,20000.000000,ba2491a,1,1
197,Alasteir,Valdes,20000.000000,ba2491a,1,1
198,Eleonora,Vidal,42000.000000,ba2491a,3,1
199,Eliot,Salinas,12000.000000,ba2491a,3,1
200,Alana,Zuniiga,30000.000000,ba2491a,3,1
201,Odey,Penia,20000.000000,ba2491a,3,1
202,Yorke,Godoy,15000.000000,ba2491a,3,1
203,Cissiee,Lagos,18000.000000,ba2491a,3,1
204,Jillana,Maldonado,18000.000000,ba2491a,3,1
205,Mallorie,Bustos,30000.000000,tu6789b,2,1
206,Borden,Medina,12000.000000,tu6789b,2,1
207,Maddie,Pino,33000.000000,tu6789b,2,1
208,Weider,Palma,50000.000000,tu6789b,2,1
209,Asia,Moreno,37000.000000,tu6789b,2,1
210,Sayres,Sanhueza,10000.000000,tu6789b,2,1
211,Marcile,Carvajal,30000.000000,tu6789b,2,1
212,Thomasina,Navarrete,42000.000000,tu6789b,2,1
213,Darwin,Saez,18000.000000,tu6789b,2,1
214,Nicolina,Alvarado,30000.000000,tu6789b,2,1
215,Nita,Donoso,12000.000000,tu6789b,2,1
216,Nikoletta,Poblete,12000.000000,tu6789b,2,1
217,Dwight,Bustamante,42000.000000,tu6789b,2,1
218,Romola,Toro,50000.000000,tu6789b,2,1
219,Kaile,Ortega,33000.000000,tu6789b,2,1
220,Mozes,Venegas,25000.000000,tu6789b,2,1
221,Aylmer,Guerrero,33000.000000,tu6789b,2,1
222,Marina,Mendoza,12000.000000,tu6789b,2,1
223,Enrico,Farias,50000.000000,tu6789b,2,1
224,Zonda,San martin,33000.000000,tu6789b,2,1
225,Adriano,Gonzalez,33000.000000,tu6789b,2,1
226,Trula,Fernandez,30000.000000,tu6789b,2,1
227,Adel,Rodriguez,30000.000000,tu6789b,2,1
228,Jeniece,Lopez,15000.000000,tu6789b,2,1
229,Tabina,Martinez,10000.000000,tu6789b,2,1
230,Liana,Sanchez,33000.000000,tu6789b,2,1
231,Marmaduke,Perez,10000.000000,ba2491a,3,1
232,Alla,Gomez,30000.000000,ba2491a,3,1
233,Peter,Martin,12000.000000,ba2491a,3,1
234,Pietro,Jimenez,18000.000000,ba2491a,3,1
235,Hiram,Ruiz,20000.000000,ba2491a,3,1
236,Anastasia,Hernandez,18000.000000,ba2491a,3,1
237,Cathleen,Diaz,10000.000000,tu6789b,2,1
238,Leeanne,Moreno,15000.000000,tu6789b,2,1
239,Chet,Alvarez,42000.000000,tu6789b,2,1
240,Billie,Munioz,37000.000000,tu6789b,2,1
241,Alexandra,Romero,42000.000000,tu6789b,2,1
242,Broddie,Alonso,42000.000000,tu6789b,1,1
243,Brigham,Gutierrez,25000.000000,tu6789b,1,1
244,Cal,Navarro,42000.000000,tu6789b,1,1
245,Donal,Torres,18000.000000,tu6789b,1,1
246,Adam,Dominguez,20000.000000,tu6789b,1,1
247,Dotty,Vazquez,42000.000000,tu6789b,1,1
248,Maynard,Ramos,18000.000000,tu6789b,1,1
249,Jessee,Gonzalez,30000.000000,tu6789b,1,1
250,Tiphani,Munioz,42000.000000,tu6789b,1,1
251,Jenna,Rojas,30000.000000,tu6789b,1,1
252,Karlotte,Diaz,20000.000000,ba2491a,3,1
253,Norene,Perez,25000.000000,ba2491a,3,1
254,Morris,Soto,10000.000000,ba2491a,3,1
255,Yuri,Contreras,25000.000000,ba2491a,3,1
256,Gusty,Silva,10000.000000,ba2491a,3,1
257,Jori,Martinez,12000.000000,ba2491a,3,1
258,Sydelle,Sepulveda,30000.000000,ba2491a,3,1
259,Merrile,Morales,50000.000000,ba2491a,3,1
260,Tadd,Rodriguez,50000.000000,tu6789b,1,1
261,Josiah,Lopez,10000.000000,tu6789b,1,1
262,Melisa,Fuentes,12000.000000,tu6789b,1,1
263,Orelee,Hernandez,20000.000000,tu6789b,1,1
264,Stephen,Torres,37000.000000,tu6789b,1,1
265,Blair,Araya,50000.000000,tu6789b,1,1
266,Arel,Flores,30000.000000,tu6789b,1,1
267,Abbie,Espinoza,25000.000000,tu6789b,1,1
268,Channa,Valenzuela,50000.000000,tu6789b,1,1
269,Shirl,Castillo,20000.000000,tu6789b,1,1
270,Edlin,Tapia,20000.000000,tu6789b,1,1
271,Larina,Reyes,18000.000000,tu6789b,1,1
272,Duncan,Gutierrez,37000.000000,tu6789b,1,1
273,Bond,Castro,10000.000000,tu6789b,1,1
274,Dyann,Pizarro,50000.000000,tu6789b,1,1
275,Charmian,Alvarez,15000.000000,tu6789b,1,1
276,Dru,Vasquez,50000.000000,tu6789b,1,1
277,Kiel,Sanchez,50000.000000,tu6789b,1,1
278,Emory,Fernandez,15000.000000,tu6789b,1,1
279,Alberik,Ramirez,50000.000000,tu6789b,1,1
280,Koenraad,Carrasco,20000.000000,tu6789b,1,1
281,Rafaellle,Gomez,50000.000000,tu6789b,1,1
282,Edie,Cortes,25000.000000,tu6789b,1,1
283,Osbert,Herrera,15000.000000,tu6789b,1,1
284,Sidonia,Nuniez,10000.000000,tu6789b,1,1
285,Bartel,Jara,37000.000000,tu6789b,1,1
286,Jodi,Vergara,30000.000000,ba2491a,3,1
287,Ofelia,Rivera,30000.000000,ba2491a,3,1
288,Dudley,Figueroa,42000.000000,ba2491a,3,1
289,Dulcea,Riquelme,25000.000000,ba2491a,3,1
290,Gordon,Garcia,25000.000000,ba2491a,3,1
291,Chalmers,Miranda,10000.000000,ba2491a,3,1
292,Christiano,Bravo,50000.000000,ba2491a,3,1
293,Russell,Vera,50000.000000,ba2491a,3,1
294,Cleo,Molina,50000.000000,ba2491a,3,1
295,Catriona,Vega,42000.000000,tu6789b,1,1
296,Leigh,Campos,37000.000000,tu6789b,1,1
297,Ddene,Sandoval,12000.000000,tu6789b,1,1
298,Sayre,Orellana,18000.000000,tu6789b,3,1
299,Jody,Cardenas,33000.000000,tu6789b,3,1
300,Zabrina,Olivares,12000.000000,tu6789b,3,1
301,Cos,Alarcon,30000.000000,tu6789b,3,1
302,Ron,Gallardo,20000.000000,tu6789b,3,1
303,Charin,Ortiz,12000.000000,tu6789b,3,1
304,Coleman,Garrido,33000.000000,tu6789b,3,1
305,Jacinda,Salazar,50000.000000,tu6789b,3,1
306,Silvan,Guzman,12000.000000,tu6789b,3,1
307,Renie,Henriquez,33000.000000,tu6789b,3,1
308,Davide,Saavedra,42000.000000,tu6789b,3,1
309,Ernestus,Navarro,12000.000000,tu6789b,3,1
310,Brnaba,Aguilera,37000.000000,tu6789b,3,1
311,Tabor,Parra,37000.000000,tu6789b,3,1
312,Lenci,Romero,42000.000000,tu6789b,3,1
313,Franchot,Aravena,12000.000000,tu6789b,3,1
314,Charisse,Vargas,50000.000000,tu6789b,3,1
315,Timothea,Vazquez,20000.000000,tu6789b,3,1
316,Angelika,Caceres,50000.000000,ba2491a,3,1
317,Web,Yaniez,37000.000000,ba2491a,3,1
318,Urban,Leiva,10000.000000,ba2491a,3,1
319,Fan,Escobar,18000.000000,ba2491a,3,1
320,Donaugh,Ruiz,12000.000000,ba2491a,3,1
321,Wilona,Valdes,25000.000000,ba2491a,3,1
322,Richard,Vidal,42000.000000,ba2491a,3,1
323,Hilary,Salinas,37000.000000,ba2491a,3,1
324,Ad,Zuniiga,33000.000000,ba2491a,3,1
325,Maynord,Penia,42000.000000,ba2491a,3,1
326,Lina,Godoy,12000.000000,tu6789b,3,1
327,Nerty,Lagos,20000.000000,tu6789b,3,1
328,Matias,Maldonado,33000.000000,tu6789b,3,1
329,Urbano,Bustos,50000.000000,tu6789b,3,1
330,Rosemarie,Medina,33000.000000,tu6789b,3,1
331,Booth,Pino,15000.000000,tu6789b,3,1
332,Eden,Palma,18000.000000,tu6789b,3,1
333,Cornie,Moreno,15000.000000,tu6789b,3,1
334,Isak,Sanhueza,20000.000000,tu6789b,3,1
335,Rand,Carvajal,20000.000000,tu6789b,3,1
336,Dominique,Navarrete,37000.000000,tu6789b,3,1
337,Lira,Saez,30000.000000,tu6789b,3,1
338,Filbert,Alvarado,20000.000000,tu6789b,3,1
339,Nona,Donoso,30000.000000,tu6789b,3,1
340,Melloney,Poblete,33000.000000,tu6789b,3,1
341,Rafaello,Bustamante,37000.000000,tu6789b,3,1
342,Floria,Toro,12000.000000,tu6789b,3,1
343,Johannes,Ortega,18000.000000,tu6789b,3,1
344,Genevra,Venegas,10000.000000,tu6789b,3,1
345,Aldric,Guerrero,50000.000000,tu6789b,3,1
346,Janeta,Mendoza,10000.000000,tu6789b,3,1
347,Tarra,Farias,12000.000000,tu6789b,3,1
348,Jefferey,Martin,33000.000000,tu6789b,3,1
349,Cassie,Gonzalez,50000.000000,tu6789b,3,1
350,Maiga,Fernandez,20000.000000,tu6789b,3,1
351,Heddi,Rodriguez,20000.000000,tu6789b,3,1
352,Marieann,Lopez,50000.000000,tu6789b,3,1
353,Carita,Martinez,42000.000000,tu6789b,3,1
354,Kurtis,Sanchez,50000.000000,tu6789b,3,1
355,Wilfred,Perez,20000.000000,tu6789b,3,1
356,Isabelle,Gomez,20000.000000,tu6789b,3,1
357,Nisse,Martin,37000.000000,tu6789b,3,1
358,Ula,Jimenez,50000.000000,tu6789b,3,1
359,Tully,Ruiz,18000.000000,tu6789b,3,1
360,Honor,Hernandez,30000.000000,tu6789b,3,1
361,Sinclair,Diaz,50000.000000,tu6789b,3,1
362,Buddy,Moreno,50000.000000,tu6789b,3,1
363,Neilla,Alvarez,50000.000000,tu6789b,3,1
364,Junie,Munioz,20000.000000,tu6789b,3,1
365,Neely,Romero,20000.000000,tu6789b,3,1
366,Klarrisa,Alonso,18000.000000,tu6789b,3,1
367,Maryellen,Gutierrez,37000.000000,tu6789b,3,1
368,Clywd,Navarro,33000.000000,tu6789b,3,1
369,Deni,Torres,42000.000000,tu6789b,3,1
370,Ingrim,Dominguez,30000.000000,tu6789b,3,1
371,Franni,Vazquez,42000.000000,tu6789b,3,1
372,Andy,Ramos,37000.000000,tu6789b,3,1
373,Veronica,Gonzalez,42000.000000,tu6789b,3,1
374,Dalis,Munioz,42000.000000,tu6789b,3,1
375,Nanni,Rojas,25000.000000,ba2491a,3,1
376,Vikky,Diaz,15000.000000,ba2491a,3,1
377,Hussein,Perez,25000.000000,ba2491a,3,1
378,Brigg,Soto,10000.000000,ba2491a,3,1
379,Crawford,Contreras,12000.000000,ba2491a,3,1
380,Fran,Silva,30000.000000,ba2491a,3,1
381,Silas,Martinez,15000.000000,ba2491a,3,1
382,Alister,Sepulveda,33000.000000,ba2491a,3,1
383,George,Morales,15000.000000,tu6789b,3,1
384,Nonnah,Rodriguez,25000.000000,tu6789b,3,1
385,Gayel,Lopez,20000.000000,tu6789b,3,1
386,Demeter,Fuentes,10000.000000,tu6789b,3,1
387,Juliann,Hernandez,50000.000000,tu6789b,3,1
388,Shauna,Torres,25000.000000,tu6789b,3,1
389,Anna,Araya,42000.000000,tu6789b,3,1
390,Ag,Flores,50000.000000,tu6789b,3,1
391,Sherwin,Espinoza,50000.000000,mm0987b,1,3
392,Vikki,Valenzuela,33000.000000,mm0987b,1,3
393,Barret,Castillo,10000.000000,mm0987b,1,3
394,Gaelan,Tapia,25000.000000,mm0987b,1,3
395,Livy,Reyes,20000.000000,mm0987b,1,3
396,Iorgos,Gutierrez,18000.000000,mm0987b,1,3
397,Charil,Castro,33000.000000,mm0987b,1,3
398,Easter,Pizarro,30000.000000,mm0987b,1,3
399,Esdras,Alvarez,37000.000000,mm0987b,1,3
400,Prince,Vasquez,25000.000000,mm0987b,3,3
401,Vail,Sanchez,33000.000000,mm0987b,3,3
402,Rachel,Fernandez,12000.000000,mm0987b,3,3
403,Bar,Ramirez,20000.000000,tu6789b,3,1
404,Willa,Carrasco,30000.000000,tu6789b,3,1
405,Amerigo,Gomez,33000.000000,tu6789b,3,1
406,Fredric,Cortes,50000.000000,tu6789b,3,1
407,Mikael,Herrera,50000.000000,tu6789b,3,1
408,Benson,Nuniez,20000.000000,tu6789b,3,1
409,Sileas,Jara,20000.000000,tu6789b,3,1
410,Fidelia,Vergara,12000.000000,tu6789b,3,1
411,Frayda,Rivera,30000.000000,tu6789b,3,1
412,Babita,Figueroa,30000.000000,tu6789b,3,1
413,Clair,Riquelme,42000.000000,tu6789b,3,1
414,Morie,Garcia,12000.000000,tu6789b,3,1
415,Skylar,Miranda,20000.000000,tu6789b,3,1
416,Dennie,Bravo,42000.000000,tu6789b,3,1
417,Sibley,Vera,20000.000000,tu6789b,3,1
418,Addia,Molina,20000.000000,tu6789b,3,1
419,Ed,Vega,18000.000000,tu6789b,3,1
420,Lothaire,Campos,12000.000000,tu6789b,3,1
421,Neila,Sandoval,15000.000000,tu6789b,3,1
422,Jennifer,Orellana,15000.000000,gu2345f,2,2
423,Keelby,Cardenas,15000.000000,gu2345f,2,2
424,Chuck,Olivares,33000.000000,gu2345f,2,2
425,Jordan,Alarcon,33000.000000,gu2345f,2,2
426,Minnnie,Gallardo,20000.000000,gu2345f,2,2
427,Carine,Ortiz,33000.000000,gu2345f,2,2
428,Kelly,Garrido,37000.000000,gu2345f,2,2
429,Coleman,Salazar,25000.000000,gu2345f,2,2
430,Pincus,Guzman,42000.000000,gu2345f,2,2
431,Smitty,Henriquez,15000.000000,gu2345f,2,2
432,Wade,Saavedra,12000.000000,gu2345f,2,2
433,Emmit,Navarro,12000.000000,gu2345f,2,2
434,Brietta,Aguilera,42000.000000,gu2345f,2,2
435,Wesley,Parra,10000.000000,gu2345f,2,2
436,Felicdad,Romero,18000.000000,gu2345f,2,2
437,Any,Aravena,18000.000000,gu2345f,2,2
438,Gardie,Vargas,12000.000000,gu2345f,2,2
439,Leelah,Vazquez,25000.000000,gu2345f,2,2
440,Garold,Caceres,20000.000000,gu2345f,2,2
441,Regine,Yaniez,10000.000000,gu2345f,2,2
442,Tam,Leiva,20000.000000,gu2345f,1,2
443,Davon,Escobar,20000.000000,gu2345f,1,2
444,Chrissy,Ruiz,18000.000000,gu2345f,1,2
445,Ozzie,Valdes,20000.000000,gu2345f,1,2
446,Rina,Vidal,20000.000000,gu2345f,1,2
447,Guy,Salinas,42000.000000,gu2345f,1,2
448,Lenora,Zuniiga,18000.000000,gu2345f,1,2
449,Julietta,Penia,42000.000000,gu2345f,1,2
450,Alexandr,Godoy,18000.000000,gu2345f,1,2
451,Margalit,Lagos,15000.000000,gu2345f,1,2
452,Samara,Maldonado,50000.000000,gu2345f,1,2
453,Portie,Bustos,15000.000000,gu2345f,1,2
454,Korella,Medina,33000.000000,gu2345f,1,2
455,Hilly,Pino,30000.000000,gu2345f,1,2
456,Leeanne,Palma,10000.000000,gu2345f,1,2
457,Arnaldo,Moreno,10000.000000,gu2345f,1,2
458,Kassi,Sanhueza,37000.000000,gu2345f,1,2
459,Karen,Carvajal,20000.000000,gu2345f,1,2
460,Mac,Navarrete,20000.000000,gu2345f,1,2
461,Anthia,Saez,37000.000000,gu2345f,1,2
462,Marsiella,Alvarado,20000.000000,gu2345f,1,2
463,Shea,Donoso,12000.000000,gu2345f,1,2
464,Liana,Poblete,15000.000000,gu2345f,1,2
465,Carley,Bustamante,12000.000000,gu2345f,1,2
466,Carlye,Toro,37000.000000,gu2345f,1,2
467,Svend,Ortega,25000.000000,gu2345f,1,2
468,Kendell,Venegas,25000.000000,gu2345f,1,2
469,Chrisy,Guerrero,15000.000000,gu2345f,1,2
470,Rod,Mendoza,50000.000000,gu2345f,1,2
471,Ramsay,Farias,20000.000000,gu2345f,1,2
472,Saidee,Sanmartin,50000.000000,gu2345f,1,2
473,Erek,Gonzalez,10000.000000,gu2345f,1,2
474,Salomi,Fernandez,10000.000000,gu2345f,1,2
475,Coletta,Rodriguez,50000.000000,gu2345f,1,2
476,Abigael,Lopez,12000.000000,gu2345f,1,2
477,Mariele,Martinez,33000.000000,gu2345f,3,2
478,Brooke,Sanchez,20000.000000,gu2345f,3,2
479,Benita,Perez,25000.000000,gu2345f,3,2
480,Marissa,Gomez,37000.000000,gu2345f,3,2
481,Lionello,Martin,37000.000000,gu2345f,3,2
482,Tori,Jimenez,42000.000000,gu2345f,3,2
483,Micheil,Ruiz,37000.000000,gu2345f,3,2
484,Kym,Hernandez,20000.000000,gu2345f,3,2
485,Melisse,Diaz,10000.000000,gu2345f,3,2
486,Bartholomew,Moreno,33000.000000,gu2345f,3,2
487,Rorie,Alvarez,25000.000000,gu2345f,3,2
488,Hedvige,Munioz,37000.000000,gu2345f,3,2
489,Dorothea,Romero,15000.000000,gu2345f,3,2
490,Tamarah,Alonso,50000.000000,gu2345f,3,2
491,Skipton,Gutierrez,10000.000000,gu2345f,3,2
492,Minny,Navarro,33000.000000,gu2345f,3,2
493,Joshia,Torres,33000.000000,gu2345f,3,2
494,Mirilla,Dominguez,30000.000000,gu2345f,3,2
495,Willey,Vazquez,15000.000000,gu2345f,3,2
496,Conrado,Ramos,50000.000000,gu2345f,3,2
497,Fredia,Gonzalez,30000.000000,gu2345f,3,2
498,Gretchen,Munioz,12000.000000,gu2345f,3,2
499,Bibbie,Rojas,37000.000000,gu2345f,3,2
500,Warren,Diaz,25000.000000,gu2345f,3,2
501,Gabi,Perez,30000.000000,gu2345f,3,2
502,Callie,Soto,50000.000000,gu2345f,3,2
503,Patton,Contreras,15000.000000,gu2345f,3,2
504,Karie,Silva,25000.000000,gu2345f,3,2
505,Martguerita,Martinez,50000.000000,gu2345f,3,2
506,Lothaire,Sepulveda,20000.000000,gu2345f,3,2
507,Patrice,Morales,37000.000000,gu2345f,3,2
508,Lin,Rodriguez,12000.000000,mm0987b,3,3
509,Cornie,Lopez,42000.000000,mm0987b,3,3
510,Irena,Fuentes,20000.000000,mm0987b,3,3
511,Markos,Hernandez,20000.000000,mm0987b,3,3
512,Bird,Torres,18000.000000,mm0987b,3,3
513,Lorna,Araya,42000.000000,mm0987b,3,3
514,Vincents,Flores,25000.000000,mm0987b,3,3
515,Torrey,Espinoza,42000.000000,gu2345f,3,2
516,Pernell,Valenzuela,50000.000000,gu2345f,3,2
517,Danya,Castillo,25000.000000,gu2345f,3,2
518,Erda,Tapia,37000.000000,gu2345f,3,2
519,Ethe,Reyes,20000.000000,gu2345f,3,2
520,Coop,Gutierrez,37000.000000,gu2345f,3,2
521,Sheridan,Castro,50000.000000,gu2345f,3,2
522,Charles,Pizarro,42000.000000,gu2345f,3,2
523,Eddy,Alvarez,12000.000000,gu2345f,3,2
524,Janey,Vasquez,42000.000000,gu2345f,3,2
525,Edan,Sanchez,20000.000000,gu2345f,3,2
526,Homer,Fernandez,10000.000000,gu2345f,3,2
527,Eveline,Ramirez,37000.000000,gu2345f,3,2
528,Helen,Carrasco,20000.000000,gu2345f,3,2
529,Daveta,Gomez,20000.000000,gu2345f,3,2
530,Mort,Cortes,42000.000000,gu2345f,3,2
531,Maxi,Herrera,37000.000000,gu2345f,3,2
532,Nathalie,Nuniez,37000.000000,gu2345f,3,2
533,Dennison,Jara,25000.000000,gu2345f,3,2
534,Bunnie,Vergara,33000.000000,gu2345f,3,2
535,Frans,Rivera,33000.000000,ba2491a,3,1
536,Delmar,Figueroa,42000.000000,ba2491a,3,1
537,Ced,Riquelme,20000.000000,ba2491a,3,1
538,Caren,Garcia,12000.000000,ba2491a,3,1
539,Christie,Miranda,18000.000000,ba2491a,3,1
540,Saunders,Bravo,25000.000000,ba2491a,3,1
541,Deny,Vera,18000.000000,gu2345f,3,2
542,Gene,Molina,15000.000000,gu2345f,3,2
543,Margeaux,Vega,18000.000000,gu2345f,3,2
544,Prisca,Campos,18000.000000,gu2345f,3,2
545,Domini,Sandoval,18000.000000,gu2345f,3,2
546,Henrie,Orellana,50000.000000,gu2345f,3,2
547,Marj,Cardenas,18000.000000,gu2345f,3,2
548,Mab,Olivares,25000.000000,gu2345f,3,2
549,Josiah,Alarcon,12000.000000,gu2345f,3,2
550,Mathe,Gallardo,12000.000000,gu2345f,3,2
551,Gauthier,Ortiz,12000.000000,gu2345f,3,2
552,Delmore,Garrido,33000.000000,gu2345f,3,2
553,Lynett,Salazar,37000.000000,gu2345f,3,2
554,Lucais,Guzman,42000.000000,gu2345f,3,2
555,Clarice,Henriquez,33000.000000,gu2345f,3,2
556,Aeriela,Saavedra,37000.000000,gu2345f,3,2
557,Babbie,Navarro,15000.000000,gu2345f,3,2
558,Caren,Aguilera,15000.000000,gu2345f,3,2
559,Jessamine,Parra,18000.000000,gu2345f,3,2
560,Hesther,Romero,15000.000000,gu2345f,3,2
561,Sasha,Aravena,15000.000000,gu2345f,3,2
562,Erica,Vargas,10000.000000,gu2345f,3,2
563,Keith,Vazquez,10000.000000,gu2345f,3,2
564,Briney,Caceres,12000.000000,gu2345f,3,2
565,Rutherford,Yaniez,15000.000000,gu2345f,3,2
566,Lemmie,Leiva,18000.000000,gu2345f,3,2
567,Dur,Escobar,25000.000000,gu2345f,3,2
568,Modesta,Ruiz,33000.000000,gu2345f,3,2
569,Carter,Valdes,33000.000000,gu2345f,3,2
570,Retha,Vidal,15000.000000,gu2345f,3,2
571,Carma,Salinas,33000.000000,gu2345f,3,2
572,Antonella,Zuniiga,15000.000000,gu2345f,3,2
573,Sutherlan,Penia,10000.000000,gu2345f,3,2
574,Phillipe,Godoy,37000.000000,gu2345f,3,2
575,Florida,Lagos,37000.000000,hy4567d,2,4
576,Corrina,Maldonado,15000.000000,hy4567d,2,4
577,Adrianne,Bustos,10000.000000,hy4567d,2,4
578,Scarlett,Medina,20000.000000,hy4567d,2,4
579,Shel,Pino,25000.000000,hy4567d,2,4
580,Delaney,Palma,50000.000000,hy4567d,2,4
581,Tiphani,Moreno,33000.000000,hy4567d,2,4
582,Grier,Sanhueza,42000.000000,hy4567d,2,4
583,Annabell,Carvajal,15000.000000,hy4567d,2,4
584,Basil,Navarrete,12000.000000,hy4567d,2,4
585,Horatius,Saez,18000.000000,hy4567d,2,4
586,Umeko,Alvarado,30000.000000,hy4567d,2,4
587,Hayes,Donoso,10000.000000,hy4567d,2,4
588,Lynnette,Poblete,37000.000000,hy4567d,2,4
589,Hesther,Bustamante,33000.000000,hy4567d,2,4
590,Trumaine,Toro,15000.000000,hy4567d,2,4
591,Emlyn,Ortega,50000.000000,hy4567d,2,4
592,Corabelle,Venegas,37000.000000,hy4567d,2,4
593,Vic,Guerrero,25000.000000,hy4567d,2,4
594,Cyndia,Mendoza,33000.000000,hy4567d,2,4
595,Gray,Farias,42000.000000,hy4567d,2,4
596,Dylan,Sanmartin,30000.000000,hy4567d,2,4
597,Isabelle,Gonzalez,20000.000000,hy4567d,2,4
598,Eachelle,Fernandez,37000.000000,hy4567d,2,4
599,Howard,Rodriguez,18000.000000,hy4567d,2,4
600,Cornall,Lopez,18000.000000,hy4567d,2,4
601,Emmalee,Martinez,18000.000000,hy4567d,2,4
602,Brian,Sanchez,20000.000000,hy4567d,2,4
603,Cahra,Perez,50000.000000,hy4567d,1,4
604,Arvin,Gomez,50000.000000,hy4567d,1,4
605,Minda,Martin,15000.000000,hy4567d,1,4
606,Dedie,Jimenez,33000.000000,hy4567d,1,4
607,Lydia,Ruiz,15000.000000,hy4567d,1,4
608,Joshia,Hernandez,25000.000000,hy4567d,1,4
609,Bernita,Diaz,15000.000000,hy4567d,1,4
610,Sayre,Moreno,33000.000000,hy4567d,1,4
611,Pearla,Alvarez,20000.000000,hy4567d,1,4
612,Fidole,Munioz,30000.000000,hy4567d,1,4
613,Evin,Romero,12000.000000,hy4567d,1,4
614,Fredia,Alonso,20000.000000,hy4567d,1,4
615,Idalina,Gutierrez,50000.000000,hy4567d,1,4
616,Hetti,Navarro,30000.000000,hy4567d,1,4
617,Kirk,Torres,30000.000000,hy4567d,1,4
618,Orson,Dominguez,25000.000000,hy4567d,1,4
619,Lyndsay,Vazquez,42000.000000,hy4567d,1,4
620,Lissy,Ramos,37000.000000,hy4567d,1,4
621,Odessa,Gonzalez,50000.000000,hy4567d,1,4
622,Hestia,Munioz,18000.000000,hy4567d,1,4
623,Dorotea,Rojas,10000.000000,hy4567d,1,4
624,Giraud,Diaz,15000.000000,hy4567d,1,4
625,Tonya,Perez,37000.000000,hy4567d,1,4
626,Menard,Soto,37000.000000,hy4567d,1,4
627,Nicola,Contreras,12000.000000,hy4567d,1,4
628,Maddy,Silva,25000.000000,hy4567d,1,4
629,Mace,Martinez,18000.000000,hy4567d,1,4
630,Lyndy,Sepulveda,37000.000000,hy4567d,1,4
631,Ivonne,Morales,20000.000000,hy4567d,1,4
632,Josepha,Rodriguez,20000.000000,hy4567d,3,4
633,Shandra,Lopez,50000.000000,hy4567d,3,4
634,Viva,Fuentes,25000.000000,hy4567d,3,4
635,Sherwin,Hernandez,10000.000000,hy4567d,3,4
636,Abigail,Torres,18000.000000,hy4567d,3,4
637,Rosalia,Araya,18000.000000,hy4567d,3,4
638,Merissa,Flores,25000.000000,hy4567d,3,4
639,Marylee,Espinoza,50000.000000,hy4567d,3,4
640,Wolfy,Valenzuela,33000.000000,hy4567d,3,4
641,Maia,Castillo,10000.000000,hy4567d,3,4
642,Elinor,Tapia,33000.000000,hy4567d,3,4
643,Neron,Reyes,42000.000000,hy4567d,3,4
644,Malachi,Gutierrez,25000.000000,hy4567d,3,4
645,Sarajane,Castro,10000.000000,hy4567d,3,4
646,Arlie,Pizarro,42000.000000,hy4567d,3,4
647,Felike,Alvarez,12000.000000,hy4567d,3,4
648,Ethan,Vasquez,12000.000000,hy4567d,3,4
649,Ruthy,Sanchez,20000.000000,hy4567d,3,4
650,Hugo,Fernandez,30000.000000,hy4567d,3,4
651,Thorndike,Ramirez,10000.000000,hy4567d,3,4
652,Cesaro,Carrasco,30000.000000,hy4567d,3,4
653,Harmonia,Gomez,12000.000000,hy4567d,3,4
654,Damara,Cortes,12000.000000,hy4567d,3,4
655,Maddy,Herrera,25000.000000,hy4567d,3,4
656,Filmer,Nuniez,50000.000000,hy4567d,3,4
657,Boothe,Jara,12000.000000,hy4567d,3,4
658,Dorrie,Vergara,42000.000000,hy4567d,3,4
659,Willdon,Rivera,10000.000000,hy4567d,3,4
660,Cindi,Figueroa,12000.000000,hy4567d,3,4
661,Shermie,Riquelme,12000.000000,hy4567d,3,4
662,Byrom,Garcia,42000.000000,hy4567d,3,4
663,Millie,Miranda,15000.000000,hy4567d,3,4
664,Natassia,Bravo,42000.000000,hy4567d,3,4
665,Wheeler,Vera,25000.000000,hy4567d,3,4
666,Caritta,Molina,12000.000000,hy4567d,3,4
667,Kennan,Vega,12000.000000,hy4567d,3,4
668,Katina,Campos,20000.000000,hy4567d,3,4
669,Beverlee,Sandoval,25000.000000,hy4567d,3,4
670,Arlette,Orellana,30000.000000,hy4567d,3,4
671,Jacqueline,Cardenas,50000.000000,hy4567d,3,4
672,Sheila,Olivares,10000.000000,hy4567d,3,4
673,Lambert,Alarcon,42000.000000,hy4567d,3,4
674,Lamont,Gallardo,33000.000000,hy4567d,3,4
675,Immanuel,Ortiz,33000.000000,hy4567d,3,4
676,Nani,Garrido,50000.000000,hy4567d,3,4
677,Galen,Salazar,50000.000000,hy4567d,3,4
678,Nilson,Guzman,10000.000000,hy4567d,3,4
679,Tomi,Henriquez,50000.000000,hy4567d,3,4
680,Flore,Saavedra,30000.000000,hy4567d,3,4
681,Burgess,Navarro,12000.000000,hy4567d,3,4
682,Tally,Aguilera,42000.000000,hy4567d,3,4
683,Jaquenette,Parra,25000.000000,hy4567d,3,4
684,Sly,Romero,42000.000000,hy4567d,3,4
685,Yul,Aravena,30000.000000,hy4567d,3,4
686,Rosalyn,Vargas,37000.000000,hy4567d,3,4
687,Devondra,Vazquez,10000.000000,hy4567d,3,4
688,Xenos,Caceres,37000.000000,hy4567d,3,4
689,Terrence,Yaniez,42000.000000,hy4567d,3,4
690,Krystyna,Leiva,50000.000000,hy4567d,3,4
691,Krishna,Escobar,50000.000000,hy4567d,3,4
692,Zorina,Ruiz,18000.000000,hy4567d,3,4
693,Baxy,Valdes,20000.000000,hy4567d,3,4
694,Terrie,Vidal,42000.000000,hy4567d,3,4
695,Justino,Salinas,18000.000000,hy4567d,3,4
696,Erhard,Zuniiga,33000.000000,hy4567d,3,4
697,Robbie,Penia,30000.000000,hy4567d,3,4
698,Paddie,Godoy,33000.000000,hy4567d,3,4
699,Evelyn,Lagos,10000.000000,hy4567d,3,4
700,Abbot,Maldonado,33000.000000,hy4567d,3,4
701,Tedra,Bustos,33000.000000,hy4567d,3,4
702,Rikki,Medina,12000.000000,hy4567d,3,4
703,Alverta,Pino,25000.000000,hy4567d,3,4
704,Pauly,Palma,30000.000000,hy4567d,3,4
705,Ariella,Moreno,12000.000000,hy4567d,3,4
706,Lia,Sanhueza,20000.000000,hy4567d,3,4
707,Petronille,Carvajal,42000.000000,hy4567d,3,4
708,Merle,Navarrete,10000.000000,hy4567d,3,4
709,Hagan,Saez,50000.000000,hy4567d,3,4
710,Nikolaus,Alvarado,30000.000000,hy4567d,3,4
711,Cinda,Donoso,42000.000000,hy4567d,3,4
712,Matelda,Poblete,18000.000000,hy4567d,3,4
713,Roslyn,Bustamante,25000.000000,hy4567d,3,4
714,Jerrylee,Toro,10000.000000,hy4567d,3,4
715,Lucky,Ortega,42000.000000,ib0800a,3,1
716,Elita,Venegas,18000.000000,ib0800a,3,1
717,Hyacinthia,Guerrero,25000.000000,ib0800a,3,1
718,Fina,Mendoza,42000.000000,ib0800a,3,1
719,Kamila,Farias,42000.000000,ib0800a,3,1
720,Jennie,Sanmartin,42000.000000,ib0800a,3,1
721,Riobard,Gonzalez,42000.000000,ib0800a,3,1
722,Joannes,Fernandez,10000.000000,ib0800a,3,1
723,Darlene,Rodriguez,42000.000000,ib0800a,3,1
724,Zia,Lopez,42000.000000,ib0800a,3,1
725,Cristina,Martinez,15000.000000,ib0800a,3,1
726,Jonathon,Sanchez,50000.000000,ib0800a,3,1
727,Rickie,Perez,42000.000000,ib0800a,3,1
728,Klara,Gomez,50000.000000,ib0800a,3,1
729,Osbert,Martin,33000.000000,ib0800a,3,1
730,Emmet,Jimenez,37000.000000,ib0800a,3,1
731,Cassandry,Ruiz,33000.000000,ib0800a,3,1
732,Enrica,Hernandez,18000.000000,ib0800a,3,1
733,Evvy,Diaz,42000.000000,ib0800a,3,1
734,Silas,Moreno,20000.000000,ib0800a,3,1
735,Kaia,Alvarez,25000.000000,ib0800a,3,1
736,Arvie,Munioz,15000.000000,ib0800a,3,1
737,Keith,Romero,20000.000000,fr5678g,2,3
738,Silvie,Alonso,12000.000000,fr5678g,2,3
739,Winnifred,Gutierrez,10000.000000,fr5678g,2,3
740,Chen,Navarro,37000.000000,fr5678g,2,3
741,Carleton,Torres,15000.000000,fr5678g,2,3
742,Silvano,Dominguez,12000.000000,fr5678g,2,3
743,Pancho,Vazquez,18000.000000,fr5678g,2,3
744,Melonie,Ramos,33000.000000,fr5678g,2,3
745,Gordon,Gonzalez,12000.000000,fr5678g,2,3
746,Rosemarie,Munioz,10000.000000,fr5678g,2,3
747,Graehme,Rojas,18000.000000,fr5678g,2,3
748,Mitchael,Diaz,33000.000000,fr5678g,2,3
749,Carola,Perez,10000.000000,fr5678g,2,3
750,Zsa,Soto,20000.000000,fr5678g,2,3
751,Jude,Contreras,12000.000000,fr5678g,2,3
752,Arch,Silva,33000.000000,fr5678g,2,3
753,Andrej,Martinez,50000.000000,fr5678g,2,3
754,Amber,Sepulveda,42000.000000,fr5678g,2,3
755,Dorian,Morales,15000.000000,fr5678g,2,3
756,Kaitlynn,Rodriguez,15000.000000,fr5678g,2,3
757,Kerianne,Lopez,37000.000000,fr5678g,2,3
758,Boycie,Fuentes,18000.000000,fr5678g,2,3
759,Nanete,Hernandez,37000.000000,fr5678g,2,3
760,Sidonia,Torres,10000.000000,fr5678g,2,3
761,Galvan,Araya,33000.000000,fr5678g,2,3
762,Lucienne,Flores,25000.000000,fr5678g,2,3
763,Davidson,Espinoza,37000.000000,fr5678g,2,3
764,Roslyn,Valenzuela,10000.000000,fr5678g,2,3
765,Jenny,Castillo,33000.000000,fr5678g,1,3
766,Toby,Tapia,20000.000000,fr5678g,1,3
767,Brynne,Reyes,18000.000000,fr5678g,1,3
768,Blakeley,Gutierrez,18000.000000,fr5678g,1,3
769,Egan,Castro,10000.000000,fr5678g,1,3
770,Barbey,Pizarro,20000.000000,fr5678g,1,3
771,Portia,Alvarez,33000.000000,fr5678g,1,3
772,Alica,Vasquez,37000.000000,fr5678g,1,3
773,Juliana,Sanchez,50000.000000,fr5678g,1,3
774,Barde,Fernandez,18000.000000,fr5678g,1,3
775,Wilie,Ramirez,30000.000000,fr5678g,1,3
776,Letta,Carrasco,10000.000000,fr5678g,1,3
777,Ree,Gomez,42000.000000,fr5678g,1,3
778,Ingmar,Cortes,18000.000000,fr5678g,1,3
779,Melva,Herrera,42000.000000,fr5678g,1,3
780,Tootsie,Nuniez,25000.000000,fr5678g,1,3
781,Felike,Jara,33000.000000,fr5678g,1,3
782,Laughton,Vergara,15000.000000,fr5678g,1,3
783,Crosby,Rivera,12000.000000,fr5678g,1,3
784,Marianne,Figueroa,33000.000000,fr5678g,1,3
785,Francine,Riquelme,42000.000000,fr5678g,1,3
786,Edan,Garcia,50000.000000,fr5678g,1,3
787,Fayre,Miranda,18000.000000,fr5678g,1,3
788,Adelaida,Bravo,37000.000000,fr5678g,1,3
789,Florella,Vera,25000.000000,fr5678g,1,3
790,Noll,Molina,30000.000000,fr5678g,1,3
791,Ki,Vega,42000.000000,fr5678g,1,3
792,Jermayne,Campos,33000.000000,fr5678g,1,3
793,Grayce,Sandoval,33000.000000,fr5678g,1,3
794,Harv,Orellana,42000.000000,fr5678g,1,3
795,Lorianna,Cardenas,15000.000000,fr5678g,1,3
796,Hersh,Olivares,33000.000000,fr5678g,1,3
797,Diahann,Alarcon,33000.000000,fr5678g,1,3
798,Yelena,Gallardo,50000.000000,fr5678g,1,3
799,Emmaline,Ortiz,37000.000000,fr5678g,1,3
800,Daffi,Garrido,12000.000000,fr5678g,1,3
801,Janine,Salazar,50000.000000,fr5678g,1,3
802,Sheilah,Guzman,42000.000000,fr5678g,1,3
803,Lazaro,Henriquez,10000.000000,fr5678g,1,3
804,Earle,Saavedra,30000.000000,fr5678g,1,3
805,Fred,Navarro,25000.000000,fr5678g,3,3
806,Almira,Aguilera,42000.000000,fr5678g,3,3
807,Wini,Parra,37000.000000,fr5678g,3,3
808,Emanuel,Romero,30000.000000,fr5678g,3,3
809,Obadias,Aravena,10000.000000,fr5678g,3,3
810,Efrem,Vargas,20000.000000,fr5678g,3,3
811,Susi,Vazquez,18000.000000,fr5678g,3,3
812,Maxy,Caceres,15000.000000,fr5678g,3,3
813,Agnes,Yaniez,42000.000000,fr5678g,3,3
814,Obadiah,Leiva,12000.000000,fr5678g,3,3
815,Lefty,Escobar,50000.000000,fr5678g,3,3
816,Michele,Ruiz,42000.000000,fr5678g,3,3
817,Cynthia,Valdes,25000.000000,fr5678g,3,3
818,Hyatt,Vidal,20000.000000,fr5678g,3,3
819,Roch,Salinas,33000.000000,fr5678g,3,3
820,Mag,Zuniiga,12000.000000,fr5678g,3,3
821,Trevor,Penia,10000.000000,fr5678g,3,3
822,Jefferey,Godoy,10000.000000,fr5678g,3,3
823,Tania,Lagos,42000.000000,fr5678g,3,3
824,Mercie,Maldonado,42000.000000,fr5678g,3,3
825,Andrei,Bustos,10000.000000,fr5678g,3,3
826,Yetta,Medina,25000.000000,fr5678g,3,3
827,Angeli,Pino,20000.000000,fr5678g,3,3
828,Norbert,Palma,20000.000000,fr5678g,3,3
829,Conan,Moreno,20000.000000,fr5678g,3,3
830,Cale,Sanhueza,50000.000000,fr5678g,3,3
831,Christina,Carvajal,37000.000000,fr5678g,3,3
832,Olivier,Navarrete,20000.000000,fr5678g,3,3
833,Oby,Saez,12000.000000,fr5678g,3,3
834,Chad,Alvarado,15000.000000,fr5678g,3,3
835,Adelle,Donoso,10000.000000,fr5678g,3,3
836,Keene,Poblete,25000.000000,fr5678g,3,3
837,Corrina,Bustamante,50000.000000,fr5678g,3,3
838,Hashim,Toro,50000.000000,fr5678g,3,3
839,Oralia,Ortega,10000.000000,fr5678g,3,3
840,Wadsworth,Venegas,30000.000000,fr5678g,3,3
841,Shelley,Guerrero,15000.000000,fr5678g,3,3
842,Irv,Mendoza,15000.000000,fr5678g,3,3
843,Grant,Farias,33000.000000,fr5678g,3,3
844,Bella,Martin,18000.000000,fr5678g,3,3
845,Yardley,Gonzalez,50000.000000,fr5678g,3,3
846,Brendin,Fernandez,10000.000000,fr5678g,3,3
847,Estella,Rodriguez,42000.000000,fr5678g,3,3
848,Rasia,Lopez,37000.000000,fr5678g,3,3
849,Gibb,Martinez,20000.000000,fr5678g,3,3
850,Amanda,Sanchez,37000.000000,fr5678g,3,3
851,Sidoney,Perez,20000.000000,fr5678g,3,3
852,Giacopo,Gomez,18000.000000,fr5678g,3,3
853,Eve,Martin,12000.000000,fr5678g,3,3
854,Levon,Jimenez,25000.000000,fr5678g,3,3
855,Vassili,Ruiz,33000.000000,fr5678g,3,3
856,Henrieta,Hernandez,30000.000000,fr5678g,3,3
857,Devlen,Diaz,37000.000000,fr5678g,3,3
858,Ophelie,Moreno,37000.000000,fr5678g,3,3
859,Abramo,Alvarez,37000.000000,fr5678g,3,3
860,Fair,Munioz,37000.000000,fr5678g,3,3
861,Pietrek,Romero,25000.000000,fr5678g,3,3
862,Holden,Alonso,50000.000000,fr5678g,3,3
863,Cherish,Gutierrez,42000.000000,fr5678g,3,3
864,Alonzo,Navarro,12000.000000,fr5678g,3,3
865,Devonna,Torres,18000.000000,fr5678g,3,3
866,Rubi,Dominguez,18000.000000,fr5678g,3,3
867,Emmanuel,Vazquez,30000.000000,fr5678g,3,3
868,Trumaine,Ramos,42000.000000,fr5678g,3,3
869,Malory,Gonzalez,42000.000000,fr5678g,3,3
870,Pearla,Munioz,33000.000000,fr5678g,3,3
871,Phelia,Rojas,33000.000000,fr5678g,3,3
872,Madonna,Diaz,10000.000000,fr5678g,3,3
873,Thomasa,Perez,18000.000000,fr5678g,3,3
874,Estella,Soto,20000.000000,fr5678g,3,3
875,Saw,Contreras,15000.000000,fr5678g,3,3
876,Cecil,Silva,37000.000000,fr5678g,3,3
877,Mac,Martinez,25000.000000,fr5678g,3,3
878,Ralf,Sepulveda,12000.000000,fr5678g,3,3
879,Barbey,Morales,12000.000000,fr5678g,3,3
880,Josi,Rodriguez,18000.000000,fr5678g,3,3
881,Kenna,Lopez,25000.000000,fr5678g,3,3
882,Rina,Fuentes,25000.000000,fr5678g,3,3
883,Callida,Hernandez,33000.000000,fr5678g,3,3
884,Lona,Torres,30000.000000,fr5678g,3,3
885,Jan,Araya,18000.000000,fr5678g,3,3
886,Bailey,Flores,30000.000000,fr5678g,3,3
887,Guillermo,Espinoza,42000.000000,fr5678g,3,3
888,Katlin,Valenzuela,25000.000000,fr5678g,3,3
889,Flo,Castillo,42000.000000,fr5678g,3,3
890,Madel,Tapia,12000.000000,fr5678g,3,3
891,Conant,Reyes,37000.000000,fr5678g,3,3
892,Devland,Gutierrez,10000.000000,fr5678g,3,3
893,Annamarie,Castro,20000.000000,fr5678g,3,3
894,Gabbie,Pizarro,42000.000000,fr5678g,3,3
895,Frasquito,Alvarez,15000.000000,fr5678g,3,3
896,Oberon,Vasquez,15000.000000,fr5678g,3,3
897,Gabriell,Sanchez,10000.000000,fr5678g,3,3
898,Ki,Fernandez,30000.000000,br3456j,2,4
899,Martelle,Ramirez,15000.000000,br3456j,2,4
900,Riccardo,Carrasco,42000.000000,br3456j,2,4
901,Shaughn,Gomez,50000.000000,br3456j,2,4
902,Coral,Cortes,18000.000000,br3456j,2,4
903,Judas,Herrera,10000.000000,br3456j,2,4
904,Josiah,Nuniez,12000.000000,br3456j,2,4
905,Freda,Jara,42000.000000,br3456j,2,4
906,Lynn,Vergara,37000.000000,br3456j,1,4
907,Tabb,Rivera,50000.000000,br3456j,1,4
908,Brittany,Figueroa,18000.000000,mm0987b,3,3
909,Leo,Riquelme,42000.000000,mm0987b,3,3
910,Atlante,Garcia,33000.000000,mm0987b,3,3
911,Maurie,Miranda,50000.000000,mm0987b,3,3
912,Oren,Bravo,20000.000000,mm0987b,3,3
913,Anetta,Vera,10000.000000,mm0987b,3,3
914,Curry,Molina,20000.000000,mm0987b,3,3
915,Tyrone,Vega,15000.000000,mm0987b,3,3
916,Saunder,Campos,37000.000000,mm0987b,3,3
917,Luis,Sandoval,12000.000000,mm0987b,3,3
918,Alysia,Orellana,37000.000000,mm0987b,3,3
919,Calypso,Cardenas,12000.000000,br3456j,1,4
920,Gretna,Olivares,42000.000000,br3456j,1,4
921,Odie,Alarcon,20000.000000,br3456j,1,4
922,Wenda,Gallardo,12000.000000,br3456j,1,4
923,Ezekiel,Ortiz,20000.000000,br3456j,1,4
924,Orlan,Garrido,25000.000000,br3456j,1,4
925,Wittie,Salazar,37000.000000,br3456j,1,4
926,Abbie,Guzman,18000.000000,br3456j,3,4
927,Robinia,Henriquez,10000.000000,br3456j,3,4
928,Hayden,Saavedra,30000.000000,br3456j,3,4
929,Melody,Navarro,20000.000000,br3456j,3,4
930,Emory,Aguilera,37000.000000,br3456j,3,4
931,Callie,Parra,10000.000000,br3456j,3,4
932,Debby,Romero,18000.000000,ib0800a,3,1
933,Gui,Aravena,20000.000000,ib0800a,3,1
934,Dorette,Vargas,37000.000000,ib0800a,3,1
935,Jillane,Vazquez,37000.000000,ib0800a,3,1
936,Carolina,Caceres,33000.000000,ib0800a,3,1
937,Randy,Yaniez,15000.000000,ib0800a,3,1
938,Arabel,Leiva,50000.000000,ib0800a,3,1
939,Verina,Escobar,37000.000000,ib0800a,3,1
940,Josefina,Ruiz,30000.000000,ib0800a,3,1
941,Nina,Valdes,25000.000000,ib0800a,3,1
942,Vernen,Vidal,18000.000000,ib0800a,3,1
943,Loria,Salinas,25000.000000,ib0800a,3,1
944,Isabeau,Zuniiga,37000.000000,ba2491a,3,1
945,Cherice,Penia,15000.000000,br3456j,3,4
946,Kimberley,Godoy,18000.000000,br3456j,3,4
947,Martyn,Lagos,25000.000000,br3456j,3,4
948,Agustin,Maldonado,25000.000000,br3456j,3,4
949,Clerissa,Bustos,15000.000000,br3456j,3,4
950,Lonna,Medina,10000.000000,br3456j,3,4
951,Wake,Pino,25000.000000,br3456j,3,4
952,Edwina,Palma,42000.000000,mm0987b,3,3
953,Lacey,Moreno,50000.000000,mm0987b,3,3
954,Laetitia,Sanhueza,33000.000000,mm0987b,3,3
955,Delila,Carvajal,20000.000000,mm0987b,3,3
956,Sioux,Navarrete,12000.000000,mm0987b,3,3
957,Floyd,Saez,15000.000000,mm0987b,3,3
958,Trista,Alvarado,50000.000000,br3456j,3,4
959,Shaughn,Donoso,15000.000000,br3456j,3,4
960,Zitella,Poblete,42000.000000,br3456j,3,4
961,Ginnie,Bustamante,15000.000000,br3456j,3,4
962,Burty,Toro,12000.000000,br3456j,3,4
963,Arley,Ortega,33000.000000,br3456j,3,4
964,Ansley,Venegas,37000.000000,br3456j,3,4
965,Kirstin,Guerrero,12000.000000,br3456j,3,4
966,Karon,Mendoza,10000.000000,br3456j,3,4
967,Esme,Farias,37000.000000,br3456j,3,4
968,Berenice,San,10000.000000,ib0800a,3,1
969,Charlie,Gonzalez,50000.000000,ib0800a,3,1
970,Noach,Fernandez,12000.000000,ib0800a,3,1
971,Mercedes,Rodriguez,12000.000000,ib0800a,3,1
972,Sloan,Lopez,42000.000000,ib0800a,3,1
973,Guglielma,Martinez,15000.000000,ib0800a,3,1
974,Herrick,Sanchez,30000.000000,ib0800a,3,1
975,Aleksandr,Perez,42000.000000,ib0800a,3,1
976,Arlina,Gomez,33000.000000,ib0800a,3,1
977,Wenonah,Martin,12000.000000,ib0800a,3,1
978,Warner,Jimenez,30000.000000,ib0800a,3,1
979,Libbey,Ruiz,42000.000000,ba2491a,3,1
980,Brana,Hernandez,10000.000000,ba2491a,3,1
981,Genevieve,Diaz,20000.000000,ba2491a,3,1
982,Sharai,Moreno,10000.000000,ba2491a,3,1
983,Josi,Alvarez,12000.000000,ba2491a,3,1
984,Pebrook,Munioz,33000.000000,ba2491a,3,1
985,Erna,Romero,33000.000000,ba2491a,3,1
986,Ferd,Alonso,25000.000000,ba2491a,3,1
987,Mohammed,Gutierrez,42000.000000,ba2491a,3,1
988,Dawn,Navarro,37000.000000,ba2491a,3,1
989,Wandie,Torres,25000.000000,ba2491a,3,1
990,Chiarra,Dominguez,18000.000000,mm0987b,3,3
991,Zaccaria,Vazquez,33000.000000,mm0987b,3,3
992,Trenna,Ramos,10000.000000,mm0987b,3,3
993,Angelia,Moreno,50000.000000,mm0987b,3,3
994,Raquela,Alvarez,12000.000000,mm0987b,3,3
995,Maxi,Munioz,18000.000000,mm0987b,3,3
996,Atalanta,Romero,37000.000000,mm0987b,3,3
997,Witt,Alonso,12000.000000,mm0987b,3,3
998,Jaye,Gutierrez,25000.000000,mm0987b,3,3
999,Tamarra,Navarro,15000.000000,mm0987b,3,3
1000,Saleem,Torres,20000.000000,mm0987b,3,3
